1.3914,11.0694,33.2859,65.0122,276.6626,0.2707,98.6213,399.2132,40.9398,122.2432,435.9125,209.7480,8.6205,799.4743,182.1072,60.3759,0.0003,83.4524,0.5392,460.4180,96.9211,0.0031,2.9716,683.4707,367.0259,309.5738,21.4917,159.4833,417.0529,702.6127,865.6528,57.4048,588.4253,137.2005,1164.5697,234.8791,85.9956,41.2791,243.7901,3.2108,0.0015,1186.3757,7.0384,94.2662,281.1747,32.3297,0.5044,350.0724,41.7112,948.4304,0.8459,1788.5322,492.7177,185.9835,16.1425,434.7915,36.1274,166.0759,68.2790,135.6000,282.4201,665.4328,425.1998,101.2384,142.0862,884.3909,705.1620,606.7622,588.4393,355.4556,132.9075,45.9830,298.4878,29.1966,7.1273,19.0999,167.4762,26.7399,3.2958,30.6778,0.1634,1015.8640,1020.1545,0.4371,1889.7488,106.3148,139.7434,220.5860,861.2716,411.6901,678.0531,666.5832,970.4471,975.6187,127.1187,290.7434,291.1879,27.4023,259.9024,114.4698,16.9389,0.9821,92.5168,6.3151,0.7025,102.4978,447.9325,146.9930,38.6253,22.7589,41.6561,596.6678,273.1553,148.6168,83.8442,40.1590,16.9595,87.5325,4.1988,423.5193,199.2296,316.1852,189.8116,0.5137,193.9178,596.1112,569.7543,55.8330,35.1135,1.0727,27.7381,158.6525,509.3606,42.9546,113.9639,6.7100,1.1493,8.0649,112.6452,18.0676,10.4410,65.9687,145.1055,212.8874,484.5489,777.4866,366.5804,445.6960,188.8274,2.2050,199.5067,73.6283,52.2011,14.3307,27.5145,84.9149,1.6994,404.4275,110.5132,203.0290,77.8010,94.8408,6.6466,21.0317,1405.0802,94.3851,1069.4886,432.8373,36.9801,323.2802,21.5088,29.3849,68.8844,18.6484,18.6074,30.1367,52.1200,0.0359,471.2302,1.7370,133.0818,1.0902,688.0274,211.8203,16.3376,3752.7800,1371.2669,330.3250,2134.1816,193.0787,1883.5366,24.6538,1752.8193,464.6418,2.4282,681.2723,471.7533,6.2173,1293.5660,1027.5595,331.5504,57.7144,7597.3354,3068.3708,361.8590,117.7728,14.4302,2.1430,83.4108,1.6364,15.8265,32.9485,995.9816,2805.5436,7.9215,78.3720,19.3053,239.4117,42.2819,153.2005,99.0400,4.0292,16.4726,8.9312,259.7588,115.3085,0.4322,35.3862,842.2077,270.6747,222.4325,38.3054,1067.4684,7.4239,99.7791,13.7634,326.4974,82.2537,27.6786,102.2942,74.4488,407.1606,961.1838,108.6578,31.9436,89.8800,51.9951,528.2657,81.7941,182.0451,470.9289,7.1591,528.4290,21.4912,138.7012,259.3044,109.6808,157.2605,3.1477,143.6866,368.4208,12.8283,0.3059,437.0972,232.8625,50.9230,378.4911,126.2868,28.5872,84.0628,0.0542,616.1034,133.7838,507.4000,62.4233,0.0002,66.3631,297.3042,365.5167,350.5819,1000.2123,152.8728,486.9423,656.5994,1757.1316,654.1677,113.4320,329.1888,1745.7772,11.4329,111.6284,6.0379,216.9311,6.6138,134.0818,108.5072,154.4125,113.0234,11.5662,49.6224,41.1199,318.8735,36.2362,8.4953,14.0146,123.6282,49.7462,99.3551,60.1188,90.7564,167.5581,0.4072,0.6362,522.2026,176.4152,160.2044,112.9813,119.2786,21.9980,20.9202,2.3349
1007.4144,29525.8237,3394.8367,2407.3664,13441.5409,5813.7074,6449.5791,55896.8631,1553.1588,5459.5748,17360.8943,42321.3192,85185.3748,19441.9360,10055.6084,654.0770,279.1239,1352.4101,5395.2246,10690.8730,23552.0339,23973.3741,23266.9213,45105.5706,10233.0930,135903.0866,98561.6287,16527.1861,27421.3453,7405.2696,79734.1652,3791.4914,46691.9260,102758.7296,35604.9497,9003.7939,72989.4378,4700.4228,41217.7348,27980.4388,16615.5153,69510.9208,8077.1969,2782.7641,19825.9192,2589.4137,2034.3257,6451.8084,36985.9511,12938.3925,97881.3409,41749.8251,933.5942,1910.4074,38296.8789,55784.9577,6033.2277,15709.5097,67691.7363,24042.8655,13237.2402,21491.4613,53071.5775,32454.6985,19054.4589,27976.3706,18375.7661,21162.2330,22942.7019,70027.9552,3995.3522,13375.2158,3875.4631,148.6236,4950.8682,645.0182,4946.4755,415.4484,2988.3485,3670.7918,6781.5096,22765.5858,115986.2425,256.8028,32467.7830,509.3932,19712.2180,249886.2338,11177.0443,9376.1681,24339.3789,7574.8571,65332.3999,137080.1098,6413.0246,42539.8035,7123.0702,2139.7130,9229.5161,13264.8617,9866.5884,9417.7892,6901.7872,28.3299,107.4195,10541.2303,19981.2554,36563.3176,11087.2819,2233.0557,5204.0722,11384.3363,6471.9471,10060.2096,12449.7375,35534.5002,8767.8009,408.0527,300.1264,9788.3137,2243.5029,20011.7303,10239.9218,2191.7961,17250.4300,23243.4137,14198.3250,54995.2767,7797.3523,14895.6754,4632.9595,10337.3208,11911.9015,61537.3257,40359.0986,5583.7194,16005.7221,6610.0097,4330.8413,8.2907,127.8640,5203.7672,3641.8525,214.0009,6367.8982,46445.3179,30191.3881,18093.0999,965.6032,19603.6704,11358.1774,4239.1421,12835.7693,1115.8744,1306.0265,13990.4553,7011.5370,14437.7691,21410.4057,6881.1490,2435.3664,11638.7573,8467.1059,11349.3664,29913.9453,707.1998,45358.9602,12783.9448,3065.7626,11985.7691,259.9488,5292.1496,17284.3007,6722.5124,124.2096,5913.5283,2563.3454,1522.7520,35138.1666,83.8152,4137.7829,3035.8950,11987.9603,42263.2115,57010.9511,167603.2434,20045.5736,19188.9925,24948.1656,42733.2199,21727.5681,2236.4439,23176.5277,6914.3570,30539.3070,33438.8996,27576.2513,1160.4609,18984.3759,19551.3723,74436.8762,3018.9337,199320.7932,192065.3135,48664.0537,134090.0336,16766.2116,4714.7165,49386.4501,79527.0917,3354.5973,214802.8217,154175.6238,50963.8758,58219.2450,1055.6493,4947.4872,13375.6298,6859.2208,18249.5154,1442.0154,6787.4940,405.5367,12857.1563,755.0193,7947.5396,7633.1544,2515.0161,2414.1479,1647.9502,21525.4230,6093.8072,13283.5046,10486.4263,3172.1163,31097.5651,6333.0047,8518.1525,4771.4061,19961.3253,3190.8886,1311.5874,11799.8945,12036.0532,668.9265,1491.9445,4353.7077,5117.5586,19713.0267,11755.3189,1760.3914,6638.4863,6842.8421,5596.8026,2909.6545,13274.8539,54489.7850,15509.9694,4628.5665,5749.8147,7846.2009,1797.9464,11290.6098,7936.1189,32224.8584,2465.2462,5392.7960,8380.9564,649.4262,635.3862,11267.4294,21265.2787,6102.5590,87358.5527,27597.4233,8875.0902,28602.9702,7719.7135,4365.4182,18619.6821,11363.4132,26415.2110,8961.6872,11234.0940,32880.6589,11863.9563,5097.4801,12279.0824,48569.2632,356.1915,634.9380,3483.3426,3325.1209,5002.4403,3829.2850,4724.1037,273.6839,2643.1698,6303.6573,4170.9805,8814.0063,9572.0591,134.0120,8068.0045,1591.5167,3137.3948,1150.9034,2117.3526,15735.2755,7569.8924,3032.0660,2891.7141,17976.2448,14364.3656,2156.4251,16764.7188,14517.2748,20320.5266,1720.7324,16614.1088,3035.9379
46.2187,1817.5295,5060.6444,277.3340,900.4543,1125.5223,987.2835,1243.7466,2043.9154,1874.6375,1099.7350,479.9306,3727.8414,3046.4655,125.6067,711.7655,287.5255,217.1128,1379.7535,6345.0506,1057.7144,1134.2102,6436.7085,37948.8678,7865.5429,17130.8903,4916.5142,7711.0308,2737.0162,2149.0344,39664.3733,4160.4795,3265.1901,3738.9016,4649.7571,5301.9129,2051.5021,15908.3015,1568.9272,6696.7107,2345.2002,13210.0982,12.4056,125.5008,1020.6587,172.2692,74.2103,221.9862,717.1379,11.8788,3532.8937,1287.5370,6389.9196,15235.3141,629.7874,6337.4917,10096.9344,4792.5195,699.7121,9752.3402,1279.2885,1125.6823,679.1243,4359.0158,34555.6572,3443.8746,3090.3399,1261.5905,6788.4252,4116.8975,1211.0768,6757.8700,2442.2700,263.2714,618.9631,156.6604,1270.4782,1884.0852,1313.1301,1522.7084,3279.2041,1145.2811,23422.1294,1112.7799,1202.8556,611.5518,3878.3427,6186.5199,2715.6280,9423.9757,20384.7737,718.4661,18125.1651,4597.7716,1580.6341,420.9311,3254.5475,1521.5642,1863.7184,125.7040,2104.5125,1134.7955,1257.5241,45.5378,119.5247,222.8520,3485.4239,1940.4657,785.0972,3359.7259,6837.2074,2269.3559,496.7115,2913.7007,442.0635,10819.9034,6785.8892,65.9794,286.1062,1637.9534,284.0577,1251.7840,312.7224,2317.1729,463.4832,2433.3216,2677.5745,3350.1897,2297.1485,240.9096,581.6510,4447.2646,9166.0659,512.1051,304.2311,2649.0408,779.0718,56.4034,1131.6465,730.0481,1039.1931,610.6853,94.9870,2357.0855,2212.0298,1744.7837,2071.9670,2175.2225,510.1295,182.2222,92.0164,539.4418,360.2106,684.5368,1188.6911,1881.4808,3044.0557,954.8728,108.6062,570.1405,664.9427,20.7363,120.6839,953.5574,2815.2562,303.1163,2980.5513,3776.0495,43.8454,1984.5381,1417.0594,2664.2603,3737.1834,844.7517,87.9395,1917.0255,459.9185,716.5506,1349.5505,223.6791,1295.3020,911.7418,2585.2549,2227.5380,79.6790,10411.7693,69.9707,4616.6915,9547.5087,3923.0591,8076.7704,523.9090,4014.7960,361.8243,295.2307,15478.6379,3801.9943,2750.3488,3652.9341,17.1051,20078.4253,1590.1754,7783.4856,6337.0191,10088.7641,7894.3247,1085.7381,1492.9450,2543.9252,8769.1972,1625.7999,16702.5869,16258.9615,5285.2582,639.6542,574.8893,2236.7325,2824.2257,654.2801,785.4303,1679.7550,7345.8262,470.1348,8952.7925,417.6375,2556.7131,2602.3322,2275.6263,142.1035,12989.6686,162.0283,3538.5285,3142.1499,1491.9933,5483.5251,980.4926,681.4066,430.7598,2844.4344,207.8365,4348.5656,246.2856,3035.1766,1858.3469,1412.0742,442.5644,805.8127,239.9974,987.1198,3610.3011,1371.0123,652.6148,1380.9912,258.8216,2508.6793,3355.1423,2672.9667,1369.7536,603.8560,2601.3291,17.8793,1059.6965,233.6681,2503.2134,429.3237,2970.6916,5018.3947,4572.2182,2806.6306,786.6597,3427.5349,763.1553,1739.8102,271.7399,28757.9891,2899.4229,1378.4698,2435.6995,2883.8431,1962.3957,2100.8266,1066.1834,1120.5656,5378.9817,8227.7252,1822.5395,620.1739,1324.2983,2950.9356,250.8575,860.3380,476.6749,71.1176,590.2780,1859.1237,736.7910,816.2661,634.4855,374.2678,2.8574,1104.2743,995.3599,586.4278,540.7078,747.2683,1420.1170,1121.3471,358.7706,243.6645,3168.6659,2615.2490,168.8476,3921.8133,5213.9826,39.4409,218.0920,309.8585,110.3482,438.8510,1182.0294,307.1613
1.8340,232.2388,1275.7140,219.7249,2624.0481,482.3170,143.3963,179.1426,195.8954,393.1251,21.8785,104.6151,1156.5793,842.1546,96.3846,135.3567,165.3958,3.0952,204.2371,698.0978,158.5877,641.3613,591.8989,1079.0806,4335.2899,5489.4504,988.0887,1702.2617,1010.4812,953.2230,85.0759,501.7882,3414.1441,1902.7930,188.4727,225.0001,149.8505,210.5905,914.3400,349.2892,529.6728,573.6363,407.8209,252.4443,133.9150,604.8582,62.3004,2191.7450,256.7130,769.7247,330.2835,1498.3429,1624.8801,4195.5258,1398.4288,1378.3301,638.3395,356.0638,218.8986,4689.9123,370.1399,321.1633,3074.6752,1253.6908,105.9068,5085.2729,1448.9173,373.6360,881.6023,238.7686,956.4011,175.7693,519.4465,290.3312,163.0385,7.3297,746.4330,590.3410,5.4782,50.2556,123.9645,904.0483,2073.7178,38.3623,1562.9274,1045.6939,212.3380,870.9508,1993.6202,1519.2261,1837.9576,671.8721,1910.0224,3663.7315,1484.3674,3781.1860,983.6619,126.7372,142.0555,657.0328,24.9347,70.5384,69.3955,68.5370,293.7972,187.4190,263.4407,3277.9929,86.4815,1449.3975,629.4239,808.9755,394.3202,212.1042,282.6087,120.9160,126.8446,243.4330,37.2175,120.9214,220.0178,848.8320,97.5778,611.2057,285.2455,798.7778,342.8990,722.6559,93.1701,284.3663,8.7107,31.8352,1193.1007,2044.6660,890.6955,197.8320,87.1221,218.8539,617.8028,520.6758,296.2653,100.6470,15.8535,67.4483,89.8807,291.1332,1036.4462,162.8933,109.8836,1659.9077,1208.3067,181.1265,106.9754,406.5472,316.0252,20.7667,452.5060,29.8009,20.5053,767.9930,42.7367,552.5162,119.6211,14.3133,2328.8301,207.4167,3765.5492,240.0760,234.9382,557.8858,112.8308,152.8620,52.1984,20.1142,52.1244,265.5328,102.2088,1161.2435,527.0279,255.7462,284.6217,73.9343,484.2262,665.4390,351.0026,3244.5408,8.8726,295.5671,2705.1338,150.9139,2432.1740,141.8497,1901.9755,1870.6760,426.3893,1645.6007,64.8859,76.7838,6017.1619,2228.5018,1231.2212,2043.5808,6464.0036,5059.0097,1906.4182,1629.5517,2448.9909,1738.1798,1075.4570,631.9327,2348.1807,5176.5220,7794.5593,3524.3801,8521.8490,1517.7120,106.7718,415.9285,270.7382,3883.2645,6.8368,189.2173,425.1476,905.6150,273.8434,482.7958,510.7333,6.0688,15.4308,1392.6666,1339.9464,230.7371,684.5083,654.0328,341.3500,545.1228,3426.6279,322.8478,338.3015,351.9894,386.0305,1962.6269,603.8601,1673.1243,155.0137,472.1749,29.3819,1453.2655,722.5646,184.6780,774.1441,977.3926,309.3500,721.6025,21.8331,1065.0799,1009.8206,1203.5793,175.9692,1140.8867,1930.1597,12.4200,2961.5007,571.6594,961.1301,3865.3248,871.5430,637.6503,1607.5581,1261.7326,170.2616,1733.2300,10.5475,2566.3946,318.6207,1042.3325,412.9833,57.7992,1294.2279,1668.6384,1971.5905,325.5323,1298.8624,238.4871,2432.8658,222.4938,161.8868,35.5736,5369.8541,530.6252,116.9149,797.4906,17.3734,12.2635,39.6145,196.1794,250.4114,1461.8298,1423.8977,124.2053,1046.0858,489.0722,922.1890,490.6583,155.0049,95.3728,346.4842,23.1888,632.9919,236.3861,1077.0565,79.4324,246.3833,1010.8286,851.0989,18.4452,1151.6006,355.3041,329.4747,570.4378,11.8455
13.0793,9.4989,908.1264,141.6212,1.6092,276.5823,299.7468,855.6931,22.1434,579.3321,21.6608,668.9770,123.8900,345.6471,205.2747,62.7171,58.9620,228.9022,224.4215,280.8292,84.6002,65.3995,81.5869,654.2946,1057.6630,884.5796,622.4197,44.0623,24.1359,115.0373,1383.4851,118.5548,3636.2011,28.3800,1131.0898,686.8845,769.7332,553.5319,310.7923,166.5854,373.7033,433.0064,54.8948,390.8161,443.3263,31.8761,100.0378,296.9822,46.0501,581.3721,142.6674,528.6674,548.3439,4378.2455,690.8986,543.0974,315.8665,682.8655,1031.8500,2413.4803,232.4370,81.8473,581.5688,2286.5584,284.6073,327.0282,1638.5056,2724.5785,569.9076,569.0887,365.4245,1431.5677,341.7364,24.0126,251.7145,64.1397,136.1388,470.6588,319.0521,498.5353,169.0473,453.3503,390.3083,1320.0552,1378.0460,395.8153,1190.6722,891.5446,435.5292,299.9741,1032.8715,710.9017,194.8367,1144.1761,1464.5433,97.4703,206.1689,122.7687,385.8496,686.7674,42.4153,46.3514,109.1187,163.8583,123.6485,147.7609,185.6265,40.3514,13.4137,729.0460,555.3327,452.8741,162.6905,119.7831,31.3080,22.9493,185.5675,29.0185,16.6565,422.5096,94.3901,8.4912,271.6812,0.6086,67.4308,744.5732,288.0815,52.5157,21.0759,176.1547,42.5761,139.1117,394.9152,584.6919,120.9981,233.6943,159.5071,326.5380,236.8840,131.6484,34.9523,28.6754,264.0447,42.7484,149.2417,174.9536,28.9030,142.1182,199.3315,196.0904,366.1924,62.6219,137.3662,56.9466,239.2474,65.9054,15.3817,380.1670,167.4437,32.3884,45.6931,102.8469,107.7650,6.6256,960.7013,136.1100,397.7557,98.2729,19.8151,768.8734,21.0112,31.6092,92.8566,51.1313,209.0700,22.1303,262.0321,23.7382,423.4830,76.4816,30.1257,18.4753,245.2219,347.9452,189.9377,1466.9351,1874.0199,1008.8371,741.2071,310.7362,20.0376,282.8489,416.0050,163.2431,189.9416,263.3983,762.4084,281.1582,23.2135,1405.1482,2977.0371,3564.0106,5753.2722,326.9705,1544.1642,686.9442,273.7192,181.0084,432.8950,596.4690,392.9876,2168.5239,2747.1829,16.9338,703.6107,737.6513,187.3367,726.5135,496.6575,44.5982,970.5739,244.1576,112.5343,852.1676,1426.9597,377.7826,147.1100,354.3655,355.3499,156.9344,371.7434,1042.0074,490.4021,354.1665,422.5093,356.0378,299.0818,265.7202,738.2731,98.1403,175.2279,592.8469,1263.2208,310.2007,196.3881,16.5623,53.4580,694.9226,34.0589,54.2253,182.0455,49.3535,107.2990,2888.4835,22.1092,447.0683,1871.3796,713.8448,2587.8854,494.6722,749.6915,76.9019,217.4763,2441.4836,10.7974,83.8786,435.8393,1932.1758,1966.9159,182.6034,773.6766,36.4329,156.5544,405.5078,220.7336,235.0432,367.9825,492.8181,391.9775,604.8594,1173.6581,313.2221,23.2706,82.8455,1107.7236,2082.8759,1238.2097,376.2810,3232.6004,757.4820,119.0506,11.2225,720.7434,316.0384,781.5647,121.4093,308.0806,426.1102,148.8272,8.1585,185.4424,1308.6440,287.7134,833.4398,99.5991,77.9451,437.9916,308.2695,161.6412,180.0558,620.1733,176.2954,649.0881,200.6998,36.7085,148.4450,50.6828,754.0252,99.3849,65.2851,6.2063
4.6720,52.8759,279.3673,449.5208,11.1648,21.8732,24.4776,25.4664,143.6338,19.5851,117.8863,5.1895,114.8102,166.3897,19.3007,2.3278,43.0469,87.1500,765.9260,157.8974,83.9346,34.5637,352.1229,139.7546,877.4616,693.2157,11.2724,187.9951,312.5986,18.4769,1482.4881,66.0221,553.1159,335.4943,313.8601,1123.4439,1082.9287,202.9190,610.0352,1025.5957,153.4642,112.4329,57.9623,104.6240,383.8020,143.4463,94.8060,50.6488,407.6552,471.1545,614.0936,149.1956,474.3838,351.7058,54.9747,895.8366,34.7654,1185.3049,209.5168,672.8769,127.2012,217.5461,95.8900,394.8417,664.4951,1.6763,537.2576,24.9835,111.1422,213.1919,112.5929,38.8899,132.2026,217.4593,183.3360,58.6413,37.5141,52.1412,187.6669,115.6065,24.6384,225.4716,246.2539,49.4049,714.6329,262.2612,49.8401,2219.7014,560.4775,291.4979,253.3144,618.1661,205.2322,202.2319,0.6788,367.6101,180.0716,97.6137,16.7537,31.1128,39.1348,36.9168,204.0899,62.1705,66.7987,149.3071,842.0780,186.6402,473.3370,66.3526,59.6965,204.7943,121.4146,92.5036,105.5539,26.6944,211.3751,3.1886,20.4957,1.8805,41.1374,79.6765,36.8351,113.9791,283.8113,136.3638,56.9571,150.7468,34.4861,1.8266,97.9781,196.4712,413.8476,21.6899,58.6585,14.8444,231.7128,12.2931,69.8934,15.2862,48.6383,40.8788,141.9645,28.4158,38.4560,319.3600,127.3069,185.5598,31.0628,99.8957,13.3940,25.7576,41.2689,32.4849,48.4087,264.9690,149.2967,262.4794,119.7837,43.6364,23.2095,35.9758,162.4461,33.0706,783.2707,12.3761,144.2569,269.8457,50.0870,162.1347,43.4694,61.9516,76.6761,57.0802,21.3116,10.1337,62.4282,14.2609,288.4977,32.9555,8.3117,44.7583,253.7860,145.1613,1838.8209,976.4244,244.6109,467.0449,264.9884,705.5524,131.1632,116.4629,34.3621,3388.9600,1001.9617,1782.3697,1085.7256,970.5138,850.8078,384.6111,182.7618,3128.9053,271.7134,3247.0873,3047.4758,229.5177,111.9742,585.8541,128.6307,30.7791,620.4908,254.0161,1338.8634,719.3973,839.1437,23.7149,454.5694,997.7374,81.0141,784.4492,636.7899,327.7880,396.0325,1636.4443,103.1127,55.9566,339.1915,319.6357,31.3770,90.9701,1634.9221,434.1224,109.9025,849.5896,822.7419,605.0147,23.8296,992.1321,596.6484,2299.4115,2777.9208,2963.5765,1946.5078,69.2562,444.7683,1243.2419,1569.7487,1236.3500,168.1936,4.8156,739.0588,293.0214,82.9919,848.3012,543.1652,295.3988,481.7605,1297.0633,868.4304,2370.9812,317.3642,663.5740,149.0239,391.7112,546.8909,149.4401,205.3034,61.7096,200.0016,1291.2492,44.5914,2015.6197,1020.1986,926.2202,69.3122,283.7722,92.9985,268.3581,1169.9399,252.3490,334.3362,100.7324,211.0725,1269.1071,824.2479,60.6748,406.7916,78.2293,1051.7120,8.7089,28.2402,217.6905,355.8017,220.4027,202.2166,27.2492,138.0670,202.0890,49.3503,123.8100,63.0304,496.6266,265.6662,63.7740,215.1660,131.3659,147.8566,63.3394,24.7826,355.3487,9.6993,141.1631,311.2126,154.3583,113.8173,58.5256,76.6082,342.1037,69.9984,164.4243,4.6649
0.1398,15.9214,80.9039,176.9584,69.0902,47.6215,2.7312,649.6769,0.9373,169.1878,93.1968,226.7985,160.6425,80.4901,36.9961,36.8255,32.1549,97.1590,279.7086,70.9099,19.8078,177.6590,143.2361,69.8249,406.5453,57.6023,25.8625,354.0991,98.2147,119.9279,982.8776,160.6907,125.5865,126.0545,372.5126,251.8368,14.7943,7.6823,123.6743,297.5620,498.7356,518.0755,110.0074,61.2622,11.9157,118.4845,33.8447,128.2462,31.6396,164.2310,29.0093,712.9160,3237.9516,2845.5655,1539.7252,163.1689,590.2684,332.9490,386.0014,1002.7079,163.7676,664.2085,824.8564,159.8528,225.0439,725.1129,354.9744,163.0277,1136.9820,124.8930,6.7881,285.0926,56.3247,42.3630,197.2700,34.3332,208.3182,43.7285,24.4043,370.6815,55.3210,500.0175,405.6919,393.1718,3.4937,53.5855,283.6179,1214.4979,1363.8177,886.5197,624.4494,141.2096,505.7511,507.5710,222.0140,342.5171,266.5031,1.7415,70.1918,44.5402,96.1489,57.9917,10.8127,158.2895,167.2880,11.4581,127.4646,170.5421,39.7580,643.3865,320.2739,296.3907,17.8180,119.9494,51.2628,67.1241,47.0791,29.9467,77.0086,53.3101,53.9246,38.1691,71.8807,12.2340,12.9489,159.4493,252.2015,242.1130,26.1567,119.9042,52.0008,615.5376,1211.0826,174.5500,20.9233,6.6142,224.9004,91.3069,59.2861,20.4417,27.8177,28.4814,4.6182,36.0319,210.0763,352.4412,46.4747,86.6605,68.2460,118.3447,74.4554,30.7966,74.2487,8.3792,229.3656,1.2451,14.8812,117.8567,14.6344,4.0108,14.4176,435.8576,36.9100,178.5294,179.1803,52.9256,230.8169,61.3973,50.1790,93.3441,68.0019,1.8595,30.0792,5.3408,10.1194,110.6507,16.3720,59.1316,3.7990,3.7179,158.7674,88.4073,243.5916,84.9037,156.4503,150.7905,486.3579,1025.0385,167.3118,181.3188,145.6097,1212.4967,210.3664,1509.8995,1167.1030,128.0772,2166.1818,413.7031,1914.7951,3128.7452,742.6651,3535.7431,793.0866,689.1170,438.5564,3379.8089,541.3985,751.4485,133.7076,549.7304,2899.9231,416.1012,767.4955,998.4989,2926.2901,203.3489,80.6711,205.4104,611.5240,233.0805,502.9970,164.3599,702.6687,597.4131,882.2667,1141.3193,310.0877,2290.0332,1130.2732,832.1455,2001.5694,3782.6240,2654.0142,5079.5096,2764.5872,2562.1434,2336.5909,47.9802,1880.5418,235.1575,165.8880,564.3183,1017.9269,5883.1982,34.8078,1009.7198,662.3807,20.7171,92.0609,282.2375,2150.9101,1753.7510,2472.2746,1760.1410,120.7005,381.9681,33.7623,161.9125,1037.4547,321.3045,77.2368,1325.6190,653.7510,889.8829,814.3124,295.0934,711.3772,129.0095,356.3091,266.4119,1024.5608,13.8932,929.9934,497.6580,239.1018,55.4193,2974.9450,402.8201,307.7394,167.8690,346.1850,476.2677,408.3168,171.0615,460.5934,373.7268,364.8870,18.5650,240.8565,521.3124,495.3061,349.6559,44.9975,314.8859,77.0313,25.3255,339.6020,61.0107,408.6358,19.2652,21.3646,23.3093,9.3247,45.8075,131.6478,53.8286,3.6837,58.1364,53.8545,162.1657,227.4568,30.3178,34.8570,37.6180,20.1515,76.4276,174.3314,117.1732,4.3844,53.2209,2.7180
1.7855,30.1092,121.6424,167.4431,18.4089,11.1150,68.8432,28.0613,24.5650,16.9420,53.4944,386.7131,424.5209,16.8145,9.7304,64.0544,16.5862,86.8876,37.4672,15.7479,88.3298,68.5304,104.4618,1366.7807,1853.1650,1374.3678,833.5811,74.5937,90.4948,81.6089,99.4921,46.5483,8.5329,55.6703,46.3097,32.7304,137.2298,291.9495,49.4422,44.2635,109.1992,293.1857,9.4038,202.9003,89.5962,17.6595,226.4269,52.0344,110.0317,118.6436,25.8292,75.2550,3554.1300,279.2589,37.8904,453.1125,323.4541,108.1053,1233.9589,831.9722,308.0818,177.1503,180.4414,314.9097,2102.3166,774.0909,738.2354,304.7230,217.3115,812.2339,123.1589,482.9976,66.3743,42.5427,25.3051,264.2242,281.5048,55.4215,12.7951,40.6610,1235.8688,214.5870,435.0559,17.4860,177.6839,1316.8416,246.3737,1335.6099,2015.2874,403.1006,352.8269,495.9474,1087.5322,191.4193,461.5751,23.2847,934.7408,312.7453,35.8577,11.9881,188.6462,78.8285,3.5090,375.8282,25.6085,47.2359,79.5912,25.3201,13.9582,919.7086,263.3453,12.0914,92.4281,72.1078,168.8921,69.9918,21.9179,1.7464,54.1436,363.0192,58.6518,15.7316,89.3016,8.9492,7.9411,72.6508,78.7988,146.3703,187.7522,13.5308,95.8884,319.9689,362.6626,126.7881,81.0020,100.3125,50.2679,16.4495,38.0891,35.5331,165.8245,24.0256,29.3884,14.0974,121.0071,5.7940,246.4976,7.8950,9.2594,61.9703,224.2258,95.5935,7.8099,62.7258,147.8031,86.5574,151.1628,53.7703,13.9698,120.0708,168.9269,11.5417,125.6442,128.5192,59.1930,21.3085,138.2616,187.3879,50.1235,22.0353,136.6850,6.3558,40.7434,141.9638,121.7484,5.9615,121.5466,158.4789,273.6410,37.3842,6.5386,8.5840,26.0015,352.1851,753.3663,1309.4797,183.8692,789.9863,335.4792,126.8848,606.8512,1706.9504,384.8956,1028.1340,1249.2877,2495.3773,1212.2135,1428.8622,107.4489,5581.8647,1034.7755,1660.9891,915.5434,1813.7760,32.7703,3438.9958,440.3754,398.2448,979.1017,1091.6688,182.4565,1578.4621,894.0865,2275.9652,1439.1849,399.8530,68.4954,829.1867,1422.9138,398.4172,933.6956,230.6886,464.6650,925.3610,240.5246,338.9015,501.6495,4366.1627,3125.3385,3710.5756,910.3460,5626.2026,6200.6094,5760.5542,465.9658,4745.0849,1313.4272,3365.6622,271.1218,2849.8456,2092.3528,4735.9293,7344.2020,938.8542,1650.7377,1667.7539,3060.4193,7859.1579,1386.9583,352.0081,3140.9642,198.4869,192.2719,93.4654,1526.5065,2259.2694,333.5516,178.4701,1285.0073,532.0755,34.8059,221.5046,15.8991,4659.8664,503.4598,399.6990,424.4949,442.8276,1661.9566,1214.0984,152.2350,355.8744,215.4202,7.3961,59.6741,700.4921,93.8977,64.6096,491.3061,12.4403,659.1420,224.6398,148.8906,71.3290,216.2085,257.7945,55.9175,142.1829,660.0003,151.6744,278.6996,478.8032,154.0743,58.4044,179.5021,152.2646,81.4536,175.8302,134.9236,21.7393,320.9239,73.2844,224.5348,14.1769,296.0296,347.9975,370.9326,310.4417,270.7452,83.0115,323.2181,34.8106,113.2428,72.0849,52.7083,107.0926,24.7836,138.6936,15.7028,13.1584,3.3715
1.2260,31.4531,47.6733,59.8008,98.6323,77.8026,35.8603,45.9252,5.3864,117.0973,110.1473,17.4431,59.8738,70.6155,107.2878,39.5671,2.2848,57.0634,3.8314,32.1589,0.5121,12.7701,64.0399,27.2413,1824.2590,1922.3513,301.3866,81.6465,15.3978,4.5539,432.4316,225.6140,358.8695,378.2523,9.7152,283.4303,97.6041,96.6740,409.0105,45.7852,18.7501,168.4811,313.5985,0.2593,56.1280,112.2325,14.0113,7.3127,63.1035,201.1839,338.5130,90.5000,3855.1387,1068.1420,4093.3019,420.5597,943.9578,1984.1830,178.4960,383.6068,34.3316,162.0059,438.1230,27.4237,307.8364,1151.4502,554.9188,39.3109,849.3752,130.1832,217.5573,56.4619,60.0847,35.0924,108.3275,34.1607,268.7994,134.9952,6.7302,83.2209,832.2118,623.1734,2563.5064,220.7278,25.9352,229.0991,147.3349,1028.5786,16.0252,194.6056,405.0002,423.7950,198.0145,129.5930,446.0126,102.1934,212.9699,69.8607,437.6711,31.1910,15.5626,6.5918,50.6257,295.5956,24.2113,12.8189,108.9802,210.2402,52.7669,25.3456,114.0332,54.0403,378.1168,12.7674,46.1372,206.6384,84.7236,116.6664,6.9161,65.3235,63.4265,24.7731,39.8904,186.9718,105.6392,10.3132,0.0523,181.2812,91.7823,15.1942,107.2743,180.8479,431.5014,682.9082,203.3918,90.1953,254.1636,101.5685,21.6017,17.2985,49.0685,0.8911,6.0751,104.3183,206.4218,123.9560,119.4225,10.2370,85.0143,33.5422,26.2175,77.6187,3.9636,5.1530,2.0905,24.5500,42.0792,91.9452,25.1327,79.9140,44.8130,6.6695,17.3691,280.0774,10.7641,123.6468,159.6682,30.9982,10.8487,45.8562,19.0360,62.6965,27.0689,19.7365,55.4252,9.9458,57.2811,2.8945,4.1524,34.7205,60.0284,11.8577,30.4005,28.7117,343.5670,333.2934,12.7958,137.3964,24.9195,243.8084,1263.4330,3594.1839,8269.5048,6514.4064,9864.4407,4809.3322,197.9483,1994.4626,1318.2649,3904.5259,1039.1391,1874.7862,3814.6271,3744.7760,1292.5145,543.0566,945.9217,2243.4327,91.8122,830.7019,1137.6366,1588.2357,1896.2909,3710.5346,1552.2221,2257.7045,1164.0876,3141.9227,269.0327,11.7900,832.5569,1222.5908,38.1164,611.9769,98.9780,196.6947,555.8478,1856.8013,2178.0488,1311.0367,4398.5502,10701.1503,1764.5999,277.3387,18873.5250,1228.8641,8356.0335,2104.9205,361.3606,7929.0228,583.0315,2581.2159,1870.5467,14520.9179,137.5917,1561.6793,913.4555,9777.2537,4009.7726,2211.5520,1150.7554,1454.4102,118.9572,463.8497,1503.1836,420.5478,468.4801,437.7698,1255.5847,771.3847,1686.7761,5172.6066,800.0863,924.6815,175.2545,8.9989,264.6265,2420.7262,976.3186,560.7009,245.4536,528.4706,710.9602,297.4110,475.8878,739.7829,885.4834,326.4581,133.8640,387.2518,761.5122,912.6222,548.6775,26.8716,250.5584,179.1999,440.6220,664.4593,416.2392,105.0549,1060.0984,226.1154,302.0693,200.8317,70.0187,242.2424,74.7779,24.1597,85.7579,144.0881,88.8423,236.1648,734.5759,104.9100,47.8541,175.5823,102.2265,233.6495,118.2510,27.2570,88.1468,10.7700,77.4679,680.6575,78.0994,19.7653,756.9537,37.3895,27.6775,221.5059,10.4950
1.7279,16.9878,78.5730,17.6060,17.3084,62.5834,6.8366,118.7054,4.0739,0.9567,7.8394,51.8917,235.4265,17.9363,16.1999,11.5464,51.2252,22.5464,274.7690,40.5625,78.1235,7.8977,381.9441,268.9340,1462.8098,61.8022,115.6892,132.3469,31.3133,1.8866,706.1904,12.0420,273.7050,150.2244,30.2532,98.6650,606.9956,415.7867,59.7160,215.4696,400.2333,120.2415,47.6504,59.0004,18.9453,60.6229,5.6259,9.6503,33.5980,35.6279,71.9396,140.9932,3440.2220,2995.9485,200.3697,303.6494,164.8476,995.5033,35.4576,2040.3967,1250.6077,434.8451,583.3846,253.4392,1201.0519,135.1967,583.3123,917.0998,1280.3536,594.8979,370.5252,593.7686,102.7685,112.5622,105.6058,35.4499,761.5094,314.0697,105.5113,285.2660,221.9489,2083.6491,1312.0531,433.7243,401.1119,87.3754,429.6364,4313.6741,3006.1816,946.1130,448.2854,273.7079,174.5690,1015.3180,70.4562,81.4921,62.4646,136.0764,670.0357,1.1577,0.8543,96.1361,53.5743,102.9195,284.2466,44.3285,100.9766,12.4614,228.2237,271.0810,157.9455,72.4858,6.4563,57.2392,113.2013,257.9698,5.9149,39.1430,57.6677,1.7304,155.5141,376.1820,179.1004,70.7598,125.4506,687.5527,30.7296,38.3669,68.6510,67.5082,86.1427,660.4423,76.3625,436.2296,75.9258,31.2050,8.9918,22.8107,94.6693,18.2688,259.8631,2.9878,7.5155,82.3297,933.0199,101.5938,66.4616,150.3960,69.6083,17.4538,25.9216,55.6327,12.0786,44.7404,4.7761,52.1671,214.0189,159.0657,142.8665,31.4513,22.0470,33.5150,14.2259,81.1595,0.4309,123.4769,254.0036,13.9418,146.5494,147.4419,147.1501,78.1506,174.8715,0.0758,12.4675,36.3657,61.3482,3.8278,39.7622,20.2447,23.1241,10.0345,4.2605,27.0263,255.6497,167.8490,90.1864,521.5336,120.3559,14.4118,656.5446,917.9138,6275.3354,3091.9709,128.8336,18520.7277,5891.4000,2074.9308,1097.2352,6050.7859,10418.7024,4868.1854,1046.3722,99.7828,726.6387,6456.0933,1245.7249,839.5803,7518.2545,1585.0994,2057.9491,2462.5952,5765.5428,307.6950,2763.4774,116.4004,2254.7401,1106.5846,173.8541,1999.0239,300.0625,1371.5226,1475.8990,1072.4639,1694.4940,1575.4674,356.4346,482.5476,8909.3828,2574.3378,10502.9112,3130.5349,4353.1172,2938.6388,3853.1016,1913.2887,4050.3862,5462.5249,6116.7633,4774.1851,4733.5530,5188.2851,245.8689,1507.8831,6225.6029,6194.2180,2283.1840,12255.9685,260.0679,5254.1258,944.9570,15973.0253,1363.9725,146.3485,169.0129,557.3940,421.2976,507.3011,258.3449,1323.0956,1115.6531,432.2174,792.0983,2358.3483,523.9209,826.2381,640.3610,353.4832,369.2897,199.7863,651.9020,932.6255,486.1578,675.0239,973.1859,841.0973,37.7060,28.2971,688.0017,6.2138,28.8598,99.2576,289.8624,238.6666,1033.1747,148.6341,1479.9933,92.2024,255.8795,910.0310,87.0642,247.9312,148.0571,21.6315,111.9153,42.6496,328.3861,88.8761,99.2120,60.8195,127.1297,1033.7668,434.5628,921.0986,369.8708,189.7419,588.0807,788.9410,47.8068,64.0691,144.2280,354.1118,53.0847,448.7029,88.1666,6.0005,235.2862,282.6378,100.2700,105.6943,1.0674
1.1922,7.0070,89.7859,214.7744,57.7501,29.7600,61.1964,56.0689,31.2658,96.0874,60.4072,214.3868,13.9184,23.8916,61.0751,192.5310,4.3525,196.6351,112.3575,20.7867,14.3413,87.7134,1.3484,233.9041,229.5636,173.9764,56.7325,7.1723,115.2139,278.0216,274.8261,80.2529,214.1548,706.9244,245.7728,873.7714,868.7841,1105.6499,263.9429,347.1241,549.1613,66.9008,170.2985,170.0654,632.2793,105.9795,1.8215,21.2273,335.8421,32.8327,51.2168,169.9128,3796.8119,4442.5677,608.5186,1930.8508,586.5564,466.2116,816.4695,77.5172,80.4340,14.7843,1721.7818,660.7380,38.9308,90.0910,489.2121,114.7407,155.1922,752.0687,153.7248,42.7865,0.5218,181.0822,173.6276,25.3916,150.5658,259.7515,1.9220,292.3394,431.9629,3634.7688,2874.0211,373.6756,259.3338,120.2838,1589.5790,612.4328,615.7655,105.7586,1131.1178,1243.7828,1483.2780,507.0287,109.1529,154.8996,252.3694,292.7746,465.7951,240.9760,301.9466,101.9765,35.1095,489.2125,289.5380,175.5261,206.9907,88.0236,65.0009,396.9181,262.9827,374.1259,278.3559,38.5872,152.3632,150.5894,76.1155,441.3994,55.3767,50.8963,49.1775,228.3261,141.8611,128.1326,257.9747,194.7144,109.0102,73.7802,228.5199,109.2517,24.6604,403.2423,191.9341,102.9768,494.4973,24.9528,143.4632,21.5646,129.7967,7.2326,159.5255,85.2045,28.8402,59.5944,96.4115,966.3299,256.4595,24.4460,122.1334,98.9734,0.0468,360.0984,47.9003,31.4604,227.5759,13.4996,181.3949,135.0418,10.8486,12.3309,9.3108,181.3019,110.9318,248.4647,34.7486,46.7825,890.2759,20.9544,103.2442,157.2518,228.9453,249.5305,14.8377,129.9178,64.4155,68.9688,28.5868,30.4327,194.1079,182.2945,167.7346,171.9095,150.8751,16.5183,88.6145,391.1196,208.6594,28.0042,296.0848,127.7731,1147.4556,559.2000,831.5116,408.1820,3599.1050,1709.4968,410.5939,6445.5480,5604.6815,9601.7892,2164.2431,9923.6310,3243.1244,10112.5833,3810.7715,2011.3994,7166.1490,357.7456,3722.0001,12138.1574,1795.6767,4887.1017,9312.2264,368.1103,1335.6314,1686.9263,935.4251,1262.4977,364.5583,6602.6002,676.9128,1010.4015,2167.3675,221.9382,924.8334,24.2724,486.0463,6986.2499,6473.3277,2263.1738,2390.6121,563.9481,31840.3098,386.8765,5046.0408,11493.1380,7924.8291,154.3078,1067.1407,6290.2462,1299.6616,875.2423,9853.3497,4053.0595,6733.5321,475.4410,755.4539,3217.1246,9888.5977,1893.7580,861.6017,8126.0545,1902.3721,1207.0548,4794.3364,2073.1026,767.2966,1395.3026,314.4965,1075.0606,5917.6229,2791.5846,509.9547,2709.8938,4458.2484,724.5110,858.4485,539.4555,1052.1109,1581.3592,3329.3181,18.3150,694.3910,879.8776,208.5948,352.3132,403.0913,142.7256,87.8017,1890.5835,49.7779,1201.8451,278.4009,178.6988,19.2543,941.2893,995.9587,24.3636,1726.8843,405.4204,1723.0408,243.9455,120.8577,939.8502,91.5844,221.1257,172.8876,535.5723,286.9760,56.7634,343.3955,17.4167,582.1206,322.2076,164.3754,521.3768,284.7487,90.3561,1276.6953,390.1513,348.9518,242.7055,47.6576,18.0760,97.9390,104.1043,155.5555,464.9404,55.5460,285.3597,8.8841
4.3092,13.6855,386.4500,229.4930,27.6211,196.4454,180.5968,267.9993,188.4711,105.5356,96.8004,318.1698,107.0808,486.6495,40.0115,50.6966,75.2563,68.5195,480.8786,150.1852,662.8491,248.1883,836.7866,339.7426,97.3929,427.7637,13.2395,468.8158,51.9698,564.6849,453.5469,866.4598,90.6714,238.2749,625.3523,240.3122,218.3159,118.9073,726.6673,12.5672,56.0923,290.4170,101.0975,114.9254,34.9887,3.1784,22.3860,609.2027,200.6176,378.8417,169.0352,309.5395,173.7342,6090.7978,263.6386,3641.9229,1806.3950,158.1848,628.9126,746.8977,32.3111,591.9339,273.3687,268.4557,2348.0385,44.2537,866.6056,1834.1630,595.1888,887.3333,457.3426,35.0730,986.4628,73.1871,396.8038,477.3908,37.9348,76.8173,447.4428,78.1926,1110.0246,682.6666,82.2443,1124.7901,119.9152,256.0315,253.4098,557.7985,1292.6215,999.7058,682.1788,843.6494,792.2403,457.8700,181.3995,1326.0421,177.7717,58.7410,105.3475,1185.0267,238.6152,35.0093,481.4978,382.1806,66.0205,174.6083,626.0046,57.6665,138.4424,2.1618,1074.1672,25.9115,403.6505,293.5116,7.3728,95.8745,61.2127,148.3666,208.1951,48.3641,263.9897,418.0967,92.8821,150.7291,319.0571,130.1471,413.3250,208.5150,245.7208,288.9325,345.7745,848.6962,134.8420,43.8902,381.1359,290.9375,72.5874,186.4595,206.4104,141.6544,154.6711,172.4424,262.6722,87.0133,295.2472,382.3314,20.4652,130.4611,170.5053,14.1779,235.4655,67.8578,43.0869,96.4340,68.0629,169.4753,45.0138,442.1061,22.3596,115.4338,7.1947,38.4055,32.1218,497.7156,398.8970,182.8918,599.5118,2.9142,109.2818,163.3800,35.7631,31.7139,194.6115,312.5542,338.6957,291.6051,36.9337,375.1082,74.0986,31.6397,53.0308,48.6264,6.9107,522.3945,362.1786,416.9044,73.3386,221.4957,1356.1838,6.5974,745.4113,2848.2412,2401.1118,2566.3477,11996.8952,45.6549,10076.3208,401.5121,9405.0247,4039.7156,7312.7263,15788.0134,4477.0322,265.8858,739.5143,1437.4797,1104.7960,1667.4311,348.3357,2847.3687,1534.6842,615.2849,4665.5212,308.5937,6811.8409,789.8418,1205.3541,4798.9766,50.3145,2539.8213,1417.7722,985.2266,259.8989,2909.0768,1921.5049,409.5855,2026.8322,2220.7502,380.2881,29227.0538,418.0426,2989.5256,24712.0618,11662.0997,12856.8690,6373.7340,1268.6698,4379.7865,15532.2081,2127.9732,6744.2981,6025.1183,1948.4689,1800.2304,99.0274,624.6281,3546.7388,9230.9653,1623.0080,67.5728,1044.9841,1398.0006,2126.2940,1197.3216,815.1109,5576.2552,10749.6131,366.9877,214.3506,1126.8457,2177.8500,308.6615,6006.8832,3849.5386,7408.3845,110.1432,2624.5693,3098.6864,671.1584,939.2717,3512.0727,630.2476,1039.0118,4143.1816,564.0069,2.6707,1421.0831,2039.2335,325.3783,603.0387,331.1941,383.1689,718.8859,1386.7524,439.6373,1324.1310,55.7448,581.1844,565.7739,3290.6647,886.4700,1556.4450,430.0957,510.3130,1083.2137,871.3963,178.0780,610.3064,65.9254,291.4420,1297.5954,679.2577,232.2936,87.8278,162.1698,137.2417,779.7760,690.5342,861.3752,126.9839,167.1551,105.2875,230.7838,175.7753,4.6950,351.3171,234.3251,374.5847,149.7375,76.0456,6.2132
12.0477,62.8250,559.7047,884.5781,363.8753,632.2347,615.7730,271.4962,246.4081,237.0624,145.3567,244.4018,630.3854,423.5357,299.1002,301.2556,316.2908,65.5238,909.1867,492.5650,194.1747,138.4169,165.3310,634.0187,454.7053,1390.1921,760.6695,458.9661,836.8888,379.0890,342.3185,821.1922,176.1094,382.2401,434.2365,1420.0695,1590.4401,559.7962,228.7488,1135.0669,429.0066,736.9286,679.9295,418.5603,460.0760,622.3877,686.8664,487.8873,369.2200,512.0946,566.4570,1157.0590,2388.7273,2615.5653,2593.0850,3245.9769,686.3499,1888.6931,983.9369,493.1894,106.4317,559.5131,1267.6538,1614.2299,32.9936,1080.4522,72.2336,1559.5586,4152.4189,2897.6252,479.6274,850.3055,106.8041,456.2498,538.7120,1671.7581,1005.8279,792.4582,583.7552,60.8067,1552.5828,276.5139,1291.1681,665.9112,140.6309,658.8187,3852.8379,1673.3247,1353.1775,1924.0436,1973.6777,1994.7226,1306.1828,42.3360,390.9726,1377.4933,730.4016,771.8544,147.6753,397.1790,774.5218,441.3442,533.8399,531.5279,570.0914,533.9421,357.0171,863.7237,196.6186,268.0312,661.2459,66.7674,823.9573,719.6360,428.3228,839.1010,548.3203,340.7693,295.4778,520.6292,603.4864,77.3487,367.6691,75.6843,744.3690,274.9839,242.4231,409.4862,227.2301,420.2524,172.8615,432.9104,2077.2764,912.2706,936.9582,485.0118,467.3077,905.9328,138.5421,438.1366,618.3153,230.9331,312.2701,587.9306,301.2332,28.4241,233.3108,314.0787,337.9918,450.6827,337.4021,306.1325,553.9247,450.6836,1343.0738,314.7973,41.8388,1129.3127,680.1277,1447.1574,354.0375,359.8378,241.5775,350.9774,580.0466,631.8004,250.6918,270.7974,1107.1827,544.1334,377.5687,589.6972,571.7597,204.1245,490.2288,486.3719,498.8891,608.2322,952.1487,236.1487,583.7869,137.1805,853.7797,599.5882,430.0199,518.4479,630.9733,3101.3064,367.2357,605.1281,9369.4676,5001.6089,2037.5446,488.8952,18845.5526,8155.3785,1508.7243,1793.7260,4384.9598,1956.4085,1092.2535,1615.3481,902.1755,16992.9271,13345.3148,3847.3626,7557.7638,10947.5303,1681.6658,4826.0384,1153.5069,2572.4144,6924.3299,8246.5632,1862.6884,2244.8033,10881.1081,103.1140,164.8513,2220.6983,5944.7858,1755.1345,669.4398,174.3945,212.9815,586.6300,433.0084,4465.9808,8542.5902,14434.7809,10762.6950,4722.9709,32002.6929,5333.4928,1389.2361,13440.4258,5255.3218,11516.0323,59.4450,22124.0197,11325.0326,11383.3777,9110.1784,3111.7788,2802.9734,902.6541,475.3157,667.4682,13678.0341,1386.6408,1983.0010,7085.5585,976.3762,6563.0238,2366.3742,1996.4913,754.8716,3563.1968,5554.4548,124.5886,126.0491,4418.4855,890.8966,82.6548,1647.2997,2441.7033,714.7094,601.2895,1153.0095,1423.4611,1199.5011,2411.2627,739.3510,442.8114,2384.2739,230.0255,1383.6967,21.2597,67.8631,453.5603,617.6877,513.2999,1463.2169,1820.0157,220.9874,494.5539,946.5073,197.5405,1696.2603,39.9159,464.0353,94.9927,85.2908,385.5663,788.3959,1036.7303,33.1208,1216.6663,1460.7057,810.7172,605.1229,883.6963,125.7115,533.2100,364.6192,1225.3259,397.1898,499.2448,862.1188,915.2450,85.7006,792.8217,1523.0867,18.0468,269.5152,410.9458,534.0517,778.5345,720.8779,205.5158,28.4271
13.4460,563.2749,1320.7135,2899.0607,2212.8910,2714.7027,2860.2862,2517.1283,2405.8259,4312.6020,2240.6319,3711.3899,2170.6925,2651.1492,2569.3999,2015.8785,2743.5925,2902.0000,3721.1450,1493.2352,2320.6003,2286.8383,2459.8826,4351.0872,3929.1213,1086.3696,4188.7897,4273.2313,2454.4172,2825.9877,5897.8480,4355.2379,3990.9278,3865.4428,2798.9943,10222.8644,6713.7321,311.4376,875.0674,782.5280,1360.9992,3556.5297,3226.1716,841.8278,5769.1339,2091.9375,2728.4334,2797.7250,5685.6488,2738.8145,2278.2901,2290.1556,1975.2098,9897.4605,3351.6907,11321.8923,3034.2496,7473.6400,3620.1433,821.3989,5479.0631,2329.7882,1500.2241,1829.7984,3874.2429,1291.1578,3810.0317,2648.0220,5403.2733,3341.1548,745.9807,2159.0677,1676.3975,2512.2783,3236.3018,3855.0632,4169.8689,2766.6068,5405.3841,2565.9032,5407.1139,6640.7528,6156.2211,3012.7512,2949.2487,4697.1570,2863.5894,2138.2156,2765.8857,2634.9459,1057.0026,2908.0435,2791.7744,3434.2710,644.5155,4631.1664,1194.0276,2952.1529,1280.4908,2181.6397,3477.3732,4091.7011,3182.6286,3070.5021,1840.2353,1898.4262,5953.7156,2337.6456,789.9109,3362.4497,4396.4893,4629.9041,4356.9142,5009.1356,2362.9067,2724.6200,2451.6681,3145.7336,3706.0033,1840.5130,2984.1807,2590.7067,4548.8061,2103.4318,2748.6560,3705.8558,2387.5002,2668.2396,3212.6056,2757.1923,1990.6855,2973.6904,3733.8459,5163.1549,2380.3147,2543.9434,2558.1278,3076.5222,2079.4909,1128.1033,3361.3711,2526.3674,2815.8103,2757.4448,3387.8488,4435.3664,1138.1921,1829.9064,3740.6206,3150.7331,2402.9636,3637.0151,2790.6282,1197.2706,3134.5039,3061.7724,2485.6897,1763.4038,2758.1586,2737.0948,2583.9975,3026.2966,2090.7219,3021.0568,2720.6427,2705.7278,2078.1708,2117.0941,2279.2462,2036.1278,2658.4092,3945.6671,1640.7989,2636.6868,3005.5287,2986.6225,2916.3710,3809.2995,2621.5120,2549.3807,2514.8035,3335.5801,2796.1534,1255.3628,1728.0014,5394.5594,2463.9847,2066.8817,2679.2415,3326.7962,18088.0340,2017.1186,1003.8096,51597.5093,16281.7431,18752.1824,3110.5068,24386.7454,14360.7229,3510.7037,11666.4065,9998.4626,7548.6482,1486.0533,5374.8663,3587.1052,16748.8595,10018.3428,2841.5552,20548.3186,8041.9542,4364.4256,11943.7050,7582.3964,4725.6175,341.2363,1534.8934,8461.8888,3158.3493,3540.0598,2009.2694,1021.2067,2405.5882,8644.1507,5616.0423,2716.0944,6375.8919,17709.6517,12143.5384,25552.6162,21973.0934,16745.3400,43594.0653,16940.9364,12491.1520,7994.6836,5367.0678,22775.6767,28166.5672,5497.5576,22566.3883,13767.6036,13647.6736,3740.4996,8694.4832,8739.2525,3990.7494,1270.7292,20025.3733,833.7133,4360.3759,5251.0880,25271.7182,11183.8825,1940.6025,9945.7991,6985.1400,7454.6791,1370.7320,1914.3768,317.4717,205.8711,3421.6418,421.6398,4594.8744,3364.5942,1767.8278,3805.8136,1469.5672,970.7214,4384.1608,2404.6755,5685.7569,6700.9698,7170.3666,2084.1393,6240.5736,2411.6292,2374.4792,3146.9066,3583.1730,5521.8025,2587.2519,6295.3976,2246.1681,2998.1132,850.3261,2666.1098,1493.6944,4109.7719,3781.4821,942.3307,1484.3227,3028.6597,3993.2683,3197.9556,2235.2198,7220.0571,2669.5420,3258.5249,3542.2933,2813.5661,2315.5123,2510.3032,1991.4124,5234.9134,1498.9572,3094.4110,3840.9783,4084.9834,4046.8327,4061.7589,3070.0369,3185.8497,2419.8818,4032.5279,624.1695,1853.9474,1504.5092,1653.5073,114.2677
1.3626,49.4897,35.4694,116.0859,37.6950,57.9249,98.5627,194.0460,21.5239,107.8719,21.5698,286.1844,75.4904,47.4389,24.6652,45.3671,14.7463,143.7534,238.9498,84.7942,129.7376,57.6787,20.8147,160.2465,493.8355,2307.9261,119.2328,439.0411,132.6364,239.4608,26.2288,1048.3778,478.3701,178.9322,86.7678,1010.9618,1752.4081,2373.0421,735.0212,2684.3943,375.0352,807.8265,136.8383,31.9809,34.9161,26.9069,5.5244,59.3369,486.1311,207.1934,115.2964,574.6936,2686.7254,277.2039,184.1637,951.2484,3557.1252,287.0693,2284.4744,577.9936,1.2868,591.5720,1898.9073,73.4828,576.4119,320.3119,176.0211,304.2316,205.5169,305.2214,412.5679,1220.8336,421.1481,54.9581,249.8373,5.1912,305.2625,99.4696,65.4134,64.6675,626.7105,1413.9852,2073.9197,930.6954,409.6078,703.1095,1000.8648,1128.8292,445.3498,2024.1627,888.4315,7.7039,2133.3545,924.5893,885.0765,854.3504,142.6369,0.8830,843.8976,56.9365,135.9838,145.2725,91.2187,163.3418,23.1546,164.0913,663.1463,457.6019,266.9532,562.3718,511.1834,354.8828,382.2722,72.5166,284.5186,100.5280,55.2728,26.4509,107.9349,66.0679,271.1280,31.9657,20.5472,31.8654,196.0960,64.9079,116.2413,17.5437,89.2836,11.4769,36.3836,67.9612,588.7921,27.2971,1350.4835,35.4433,74.3522,66.9570,231.9910,65.0882,14.0360,16.5847,83.6219,4.3923,52.9260,24.9908,820.3907,268.3702,18.8226,47.1320,97.8798,147.1784,77.6735,249.2427,238.1220,73.0191,290.9319,32.8879,90.8301,15.2900,200.0098,401.4765,57.5686,29.4013,330.0172,392.3976,101.2770,81.4293,24.0240,403.2318,650.1174,301.0793,26.4567,62.5245,137.5080,70.5833,90.2800,33.7935,69.2576,138.8324,10.4590,203.2534,87.7763,88.9657,596.4115,988.7680,238.2983,657.9296,1043.6668,195.2890,9885.9178,8454.1136,20673.3758,10050.5259,25114.6304,4100.6575,11194.8345,11862.6257,5705.6822,28725.1588,6143.3939,17153.6956,2151.5281,4897.1088,902.4589,8870.6356,29456.2366,9144.3188,4759.5758,28023.4287,4497.2929,22942.1712,5555.8696,2178.6161,1509.6366,2788.1333,1300.5042,1102.1126,334.7240,2115.2770,13435.8319,9540.9040,1192.5160,515.3475,792.4401,4415.7959,2498.9644,3779.4136,842.4865,24301.6648,11213.7464,24563.4004,22272.7793,7076.4384,16816.3870,16461.7864,2229.7619,24071.6079,820.2714,3632.2507,18853.9779,16541.1435,20080.4349,2763.2472,564.0126,3463.0542,13531.9410,5331.2747,1291.8609,8054.0552,29555.5314,2230.7062,5749.4996,5881.0181,12588.4411,4811.4679,2569.0152,618.7094,9019.6580,2620.6929,2453.1123,2919.4684,535.6050,1468.9951,262.6709,1582.9614,2166.1696,1051.4222,753.6375,1761.0423,2088.0475,550.7945,2753.4131,1489.6012,2656.6934,3366.9862,306.2997,1777.9893,2317.6040,209.7211,573.1621,1241.3152,247.3892,558.3810,159.4916,549.7105,869.9194,240.1328,287.5738,218.0735,341.0606,48.8443,99.8089,379.2537,572.5701,157.6503,270.1575,311.8306,154.7263,169.1231,78.3577,423.6674,364.8680,129.8336,158.6693,307.9317,181.1913,56.1658,110.2407,83.9123,323.2661,347.7477,77.8590,190.8151,291.6255,360.2488,751.5005,54.3236,182.4901,80.7165,24.9967
4.2160,26.2952,1.4609,19.9359,27.5056,17.2871,50.3856,45.7690,32.2623,79.1698,59.3176,4.0321,93.2297,191.1784,121.7146,136.3165,122.3768,108.6258,26.1101,113.4384,62.9235,15.6511,59.0373,921.4423,1326.8113,1615.7649,1384.8726,337.0389,81.7195,68.6872,13.4081,266.2384,1018.1530,160.0567,322.0742,977.6068,272.0958,330.7123,801.9020,141.9620,631.0049,187.7105,63.0332,296.4167,514.0651,47.8017,157.8801,384.8392,136.8315,523.7894,166.6541,161.5488,59.5261,1152.7712,908.2499,6346.4029,4865.5803,3521.6812,404.7139,948.2238,71.5787,161.2252,573.4376,623.6245,228.8503,3417.9134,1764.1685,683.9750,277.7434,254.6394,278.9882,224.8993,263.4007,83.6698,145.9327,127.2253,86.4267,398.0471,507.4222,67.7644,866.5271,1711.9243,2235.2673,2276.8132,524.6581,280.2351,1377.4595,643.6398,415.4329,975.6505,508.8779,158.5362,665.1828,1652.1193,78.8401,37.7219,866.5609,39.4590,207.7980,232.2420,377.0848,224.0786,9.2698,256.6929,81.5702,29.5925,34.1335,4.0222,79.0307,425.0107,617.5232,294.3016,153.1926,147.9426,0.6857,41.6848,126.2194,131.9967,28.8784,14.7396,363.3523,227.4572,7.0925,339.1958,20.7652,109.3225,84.1099,3.0118,161.5311,64.3215,83.4818,8.8735,439.9645,285.8158,162.4019,184.4621,122.5811,55.3973,561.0668,60.0317,23.9838,10.9524,20.9813,3.3116,230.0055,293.7272,512.6129,18.7746,76.3045,18.1725,113.1359,635.5297,144.3733,20.2629,195.0612,187.0710,274.5885,293.2166,118.1298,29.6130,285.1096,1.4567,10.7921,10.6570,22.0916,30.2008,131.1932,292.3920,28.0858,12.6921,446.4694,122.6629,248.3489,15.1890,38.4476,35.1972,29.1873,36.0425,51.3841,8.7878,33.5138,33.8311,41.4344,95.5560,1943.5826,253.9981,567.1116,102.2931,221.4972,44.6905,7297.1981,4593.6984,19277.5942,1671.1313,19172.4351,22460.3993,9045.6294,13811.6803,19573.0018,5470.2371,5404.1146,8792.0604,11952.4645,902.3484,620.2390,6607.5814,4396.4243,6322.2030,9945.3536,8404.4037,2087.8943,2988.5106,1875.0509,7630.6106,9274.8223,1682.9566,7102.3786,3825.0182,6697.9089,2345.8419,4730.1491,3904.1105,4191.8011,4398.5705,227.6696,4611.8980,3072.5693,4146.6327,1933.0743,6301.1618,23825.6151,20251.7163,2236.3493,7872.6224,20347.0302,1814.3663,36440.2025,39895.9096,9949.5458,2763.6933,7917.9293,5669.0771,2460.7384,4149.6250,6845.9032,6952.5105,14110.4344,382.2682,8424.7467,3827.7482,1702.4236,2942.5945,1224.7290,958.4397,3388.2724,2042.9354,2115.7793,913.1721,9406.4301,3817.1183,5181.1958,2373.4880,1413.6836,978.9365,7588.7354,4081.3113,27.2673,2497.9580,995.0868,2660.3208,175.1117,1353.1464,2161.5167,490.4422,2376.6977,1367.5173,719.1639,2276.9596,1720.1045,744.7293,170.0716,1011.3095,221.0879,337.4870,303.4039,268.0529,8.4843,285.6333,622.6337,78.9968,106.3152,855.2534,1866.7385,146.5792,815.4102,542.4299,120.9808,310.2635,23.2017,502.3770,168.6771,293.9580,459.5427,284.2688,39.5641,84.4255,29.0050,15.1517,152.2556,1722.9167,172.5893,229.5819,97.9727,32.7884,68.9343,163.3990,128.1628,134.7509,51.1642,54.3803,28.4207
2.0733,17.0867,27.3350,24.2281,108.7002,147.1565,2.7952,28.8867,30.6957,72.3285,195.9240,523.3232,50.8940,129.4930,0.4693,6.4555,6.3208,41.7664,64.7096,80.3793,35.9428,46.9155,213.8669,161.4053,987.4992,1382.5301,422.4640,318.1733,408.3679,123.3539,114.8687,690.5722,383.4742,748.9589,585.3209,1300.0419,1672.6341,315.4274,381.7774,334.6672,516.7892,1092.3427,367.5353,114.3972,719.1246,123.6712,0.4052,27.0307,487.7651,151.2418,130.2976,136.6996,16.7669,3065.4708,2995.0168,1680.8526,794.8388,141.2171,412.7715,445.0970,1054.7362,307.6870,2012.4819,575.8911,1442.8329,1712.4808,68.8864,109.4368,73.8143,1158.5326,6.5007,23.5156,73.7402,291.7399,109.5975,128.4253,50.8826,179.2423,1426.9377,173.6081,843.0201,103.1079,405.2653,230.9760,706.6149,134.3449,1025.0088,1150.7409,6679.5138,850.7612,170.2724,116.4731,1915.7933,337.8821,75.0505,1611.2042,895.2288,337.5861,226.4297,30.9272,315.2902,49.8310,122.9139,576.6010,5.0759,309.8549,264.5068,621.4491,275.6849,20.4625,694.6688,37.1887,1157.2951,171.4262,142.2092,13.4231,51.1711,6.4170,2.5326,249.4911,194.0708,564.2600,13.3437,262.2966,17.1191,337.3725,215.9299,6.4760,39.3438,25.0562,12.3626,379.5365,1093.9623,519.7949,987.3663,37.6621,59.4773,84.7438,38.8847,300.4762,17.3705,50.8516,64.6494,14.6601,221.6898,323.9073,98.5613,97.8675,14.2048,25.5036,4.0406,1.3129,47.7379,126.5271,20.5444,22.7983,397.1454,206.0218,20.8545,173.0354,68.4543,16.1019,168.8588,26.1960,193.6328,135.2620,128.8685,232.1514,155.3247,102.3383,113.3646,475.1177,14.1288,52.3767,353.9971,64.8319,45.0326,55.8567,0.7423,252.1656,31.0657,0.4907,83.4466,357.5244,430.2916,994.4796,75.2967,246.4913,174.3707,784.3831,2071.4646,32144.8703,9023.3041,35905.8649,16637.4291,58253.6771,57063.9863,9884.5935,3052.7929,10606.0987,2191.2539,3768.1540,11266.7405,6584.5556,14359.1470,6440.1298,951.1248,14865.8712,994.2309,7471.5217,29065.3528,37864.2845,643.5483,7460.2425,2978.6968,13949.3932,2111.2431,2051.2805,1553.6967,8916.3899,606.6853,2491.2206,721.0047,15018.0299,1518.3197,4287.8047,3867.9153,1971.6910,14540.2136,104.4037,10587.3115,68374.7900,55915.5494,48739.1069,47445.4770,2222.8685,9056.2845,4286.6916,5174.0142,753.1281,13983.5264,1302.5761,2284.9854,29386.8334,11813.4957,1857.8958,1289.3082,235.2718,5326.9029,1658.9279,1124.8917,10125.9679,124.9553,34.6586,5536.1025,2959.4511,8120.3315,1275.9385,2989.0061,11019.6391,769.4812,1632.8178,545.4573,1844.6452,3169.5349,3427.3022,1332.4897,1584.7469,164.6791,953.6962,211.3266,735.2568,476.2474,191.6378,443.4847,2197.4371,730.0058,826.7976,398.3848,768.5393,95.6199,2199.8077,1249.0068,584.7173,2185.7115,636.3016,107.6548,376.6253,588.9429,1488.1509,69.8084,34.5662,465.6151,259.8948,1541.1156,175.2842,294.1248,249.1626,191.5451,678.2232,431.0961,857.3406,88.5232,20.5866,150.8155,211.0281,185.0038,304.4248,271.4138,306.0533,128.4977,238.3376,82.0806,1152.2500,108.0716,481.3855,129.2178,91.4544,185.3205,3.6157,5.3217
2.8125,35.0539,13.0466,335.4979,368.5147,17.2470,13.7938,1.8309,7.8944,55.5883,243.4843,254.9865,91.6820,4.4785,67.6625,37.4289,0.8151,25.8211,576.2830,51.1512,41.2432,14.9072,55.2757,319.3472,135.9112,564.8372,236.8656,145.2705,353.5862,84.8879,35.8949,1432.9511,248.4474,272.0787,179.0757,1506.3456,2461.0715,39.6443,121.4322,657.3212,760.7752,649.3753,480.6985,468.1520,152.4714,132.9644,19.8961,83.5382,539.09... (139 KB left)
